{"QFactor":0,"EnableCrashReduction":true,"reserve1":0,"SteeringLockAngle":900,"SteeringAngle":900,"StopForce":10000,"MinForce":0,"OverAllFilterFc":34,"DamperFilterFc":0,"InertiaFilterFc":0,"FrictionFilterFc":0,"TotalForceGain":7000,"ConstantGain":10000,"RampGain":10000,"SquareGain":10000,"SineGain":10000,"TriangleGain":10000,"SawtoothUpGain":10000,"SawtoothDownGain":10000,"SpringGain":10000,"DamperGain":10000,"InertiaGain":10000,"FrictionGain":10000,"EnableTelemetryFFB":false,"MaxForce":10000,"ReverseForce":false,"StableForceFc":0}